,antecedents,consequents,antecedent support,consequent support,support,confidence,lift,leverage,conviction,zhangs_metric
0,frozenset({'60 TEATIME FAIRY CAKE CASES'}),frozenset({'PACK OF 72 RETROSPOT CAKE CASES'}),0.0949499650919246,0.14591575517803118,0.06167093320921573,0.6495098039215685,4.451265753510335,0.04781623734869986,2.436827775436106,0.856687221335455
1,frozenset({'ALARM CLOCK BAKELIKE RED'}),frozenset({'ALARM CLOCK BAKELIKE GREEN'}),0.0884337910169886,0.07423784035373517,0.060740051198510586,0.6868421052631578,9.251913875598085,0.05417491753911581,2.956215299710761,0.9784415510736675
2,frozenset({'ALARM CLOCK BAKELIKE GREEN'}),frozenset({'ALARM CLOCK BAKELIKE RED'}),0.07423784035373517,0.0884337910169886,0.060740051198510586,0.8181818181818181,9.251913875598085,0.05417491753911581,5.013614149406561,0.9634377967711302
3,frozenset({'ALARM CLOCK BAKELIKE RED'}),frozenset({'ALARM CLOCK BAKELIKE PINK'}),0.0884337910169886,0.06609262276006517,0.05119851058878287,0.5789473684210525,8.759636767976277,0.0453536893998546,2.2180300209448447,0.9717780304964373
4,frozenset({'ALARM CLOCK BAKELIKE PINK'}),frozenset({'ALARM CLOCK BAKELIKE RED'}),0.06609262276006517,0.0884337910169886,0.05119851058878287,0.7746478873239436,8.759636767976279,0.0453536893998546,4.045075052362113,0.9485309109032009
5,frozenset({'BAKING SET SPACEBOY DESIGN'}),frozenset({'BAKING SET 9 PIECE RETROSPOT'}),0.06795438678147545,0.13358156853618805,0.05585292064230859,0.8219178082191781,6.1529282611808505,0.04677546706712429,4.865272730527561,0.898535164377861
6,frozenset({'DOLLY GIRL LUNCH BOX'}),frozenset({'SPACEBOY LUNCH BOX'}),0.06469629974400745,0.07330695834303003,0.050500349080754015,0.7805755395683452,10.6480415667466,0.045757660130471875,4.223289599682583,0.9687612871120242
7,frozenset({'SPACEBOY LUNCH BOX'}),frozenset({'DOLLY GIRL LUNCH BOX'}),0.07330695834303003,0.06469629974400745,0.050500349080754015,0.6888888888888889,10.648041566746603,0.045757660130471875,3.0063333222514044,0.9777628359877513
8,frozenset({'GARDENERS KNEELING PAD CUP OF TEA'}),frozenset({'GARDENERS KNEELING PAD KEEP CALM'}),0.08098673493134745,0.0933209215731906,0.06120549220386316,0.7557471264367817,8.098367586780176,0.05364773546486611,3.712050815206232,0.953760253113124
9,frozenset({'GARDENERS KNEELING PAD KEEP CALM'}),frozenset({'GARDENERS KNEELING PAD CUP OF TEA'}),0.0933209215731906,0.08098673493134745,0.06120549220386316,0.655860349127182,8.098367586780176,0.05364773546486611,2.6704660818299253,0.9667349177473631
10,frozenset({'GREEN REGENCY TEACUP AND SAUCER'}),frozenset({'PINK REGENCY TEACUP AND SAUCER'}),0.08866651151966488,0.07330695834303003,0.06795438678147545,0.7664041994750656,10.454726492521766,0.061454514515081576,3.967079200801185,0.9923364979640953
11,frozenset({'PINK REGENCY TEACUP AND SAUCER'}),frozenset({'GREEN REGENCY TEACUP AND SAUCER'}),0.07330695834303003,0.08866651151966488,0.06795438678147545,0.9269841269841269,10.454726492521766,0.061454514515081576,12.481306472665446,0.9758889316994971
12,frozenset({'GREEN REGENCY TEACUP AND SAUCER'}),frozenset({'REGENCY CAKESTAND 3 TIER'}),0.08866651151966488,0.20223411682569234,0.06772166627879916,0.7637795275590551,3.776709585640115,0.04979027262960466,3.377208905437902,0.8067510504091067
13,frozenset({'GREEN REGENCY TEACUP AND SAUCER'}),frozenset({'ROSES REGENCY TEACUP AND SAUCER'}),0.08866651151966488,0.09704444961601118,0.07330695834303003,0.8267716535433072,8.51951509658415,0.06470236553323243,5.212516131762119,0.9684955493944257
14,frozenset({'ROSES REGENCY TEACUP AND SAUCER'}),frozenset({'GREEN REGENCY TEACUP AND SAUCER'}),0.09704444961601118,0.08866651151966488,0.07330695834303003,0.7553956834532374,8.519515096584149,0.06470236553323243,3.7257457323166636,0.9774815905743741
15,frozenset({'HEART OF WICKER SMALL'}),frozenset({'HEART OF WICKER LARGE'}),0.13218524552013033,0.11217128228996974,0.07097975331626716,0.5369718309859154,4.78707045175618,0.05615236482645966,1.9174399682863006,0.9116046582171636
16,frozenset({'HEART OF WICKER LARGE'}),frozenset({'HEART OF WICKER SMALL'}),0.11217128228996974,0.13218524552013033,0.07097975331626716,0.6327800829875518,4.78707045175618,0.05615236482645966,2.3632017607869895,0.8910547235889393
17,frozenset({'HEART OF WICKER LARGE'}),frozenset({'WHITE HANGING HEART T-LIGHT HOLDER'}),0.11217128228996974,0.1964161042587852,0.06120549220386316,0.545643153526971,2.7779960079447803,0.03917324592675484,1.7686184372021259,0.7208916175393311
18,frozenset({'SMALL WHITE HEART OF WICKER'}),frozenset({'HEART OF WICKER SMALL'}),0.08727018850360717,0.13218524552013033,0.05166395159413544,0.592,4.47856338028169,0.04012812030019807,2.1269969472545824,0.8509792301225243
19,frozenset({'JUMBO  BAG BAROQUE BLACK WHITE'}),frozenset({'JUMBO BAG RED RETROSPOT'}),0.06981615080288574,0.14591575517803118,0.05119851058878287,0.7333333333333333,5.025730994152046,0.04101123422075649,3.2028159180823823,0.8611458593945458
20,"frozenset({""JUMBO BAG 50'S CHRISTMAS""})",frozenset({'JUMBO BAG RED RETROSPOT'}),0.0900628345357226,0.14591575517803118,0.05143123109145916,0.5710594315245479,3.9136242061578663,0.03828964457670513,1.9911482093138673,0.8181689831155757
21,frozenset({'JUMBO BAG ALPHABET'}),frozenset({'JUMBO BAG RED RETROSPOT'}),0.09076099604375146,0.14591575517803118,0.05515475913427973,0.6076923076923076,4.164679180468654,0.041911299855845435,2.1770774868010965,0.835737867443375
22,frozenset({'JUMBO BAG APPLES'}),frozenset({'JUMBO BAG RED RETROSPOT'}),0.0786595299045846,0.14591575517803118,0.05678380265301373,0.7218934911242603,4.947330672027028,0.045306137945037336,3.071068880317291,0.8659890931225387
23,frozenset({'JUMBO BAG PINK POLKADOT'}),frozenset({'JUMBO BAG RED RETROSPOT'}),0.08540842448219688,0.14591575517803118,0.06539446125203631,0.7656675749318802,5.247326267116889,0.052932026495150705,3.6447548587170076,0.8850144431465232
24,frozenset({'JUMBO BAG STRAWBERRY'}),frozenset({'JUMBO BAG RED RETROSPOT'}),0.07237607633232487,0.14591575517803118,0.05631836164766116,0.7781350482315113,5.3327692220905965,0.04575755181280715,3.8495681179656853,0.8758723714820053
25,frozenset({'JUMBO BAG VINTAGE DOILY'}),frozenset({'JUMBO BAG RED RETROSPOT'}),0.08284849895275774,0.14591575517803118,0.05468931812892716,0.6601123595505618,4.523927925021952,0.04260041683886919,2.5128429021208336,0.8493178640263028
26,frozenset({'JUMBO BAG VINTAGE LEAF'}),frozenset({'JUMBO BAG RED RETROSPOT'}),0.08657202699557831,0.14591575517803118,0.05189667209681173,0.5994623655913979,4.108277168973264,0.03926444940045902,2.1323445575420967,0.8282962497500785
27,frozenset({'JUMBO SHOPPER VINTAGE RED PAISLEY'}),frozenset({'JUMBO BAG RED RETROSPOT'}),0.08633930649290203,0.14591575517803118,0.05166395159413544,0.5983827493261455,4.100878267710443,0.039065686485676154,2.1266124485164455,0.8276046040946704
28,frozenset({'JUMBO STORAGE BAG SUKI'}),frozenset({'JUMBO BAG RED RETROSPOT'}),0.0767977658831743,0.14591575517803118,0.05212939259948802,0.6787878787878789,4.651916292107681,0.040923388594659,2.658941516898583,0.8503389571104469
29,frozenset({'LUNCH BAG PINK POLKADOT'}),frozenset({'JUMBO BAG RED RETROSPOT'}),0.10193158017221317,0.14591575517803118,0.0523621131021643,0.5136986301369864,3.520515173363047,0.03748868960484578,1.756285911887429,0.7972117128789842
30,frozenset({'LUNCH BAG RED RETROSPOT'}),frozenset({'JUMBO BAG RED RETROSPOT'}),0.12241098440772633,0.14591575517803118,0.06236909471724459,0.5095057034220533,3.4917799164347096,0.044507403485305005,1.741272530140913,0.8131518224312012
31,frozenset({'LARGE WHITE HEART OF WICKER'}),frozenset({'SMALL WHITE HEART OF WICKER'}),0.08075401442867117,0.08727018850360717,0.05119851058878287,0.6340057636887608,7.264860710854947,0.04415109252716973,2.4938365715688846,0.9381070195627157
32,frozenset({'SMALL WHITE HEART OF WICKER'}),frozenset({'LARGE WHITE HEART OF WICKER'}),0.08727018850360717,0.08075401442867117,0.05119851058878287,0.5866666666666667,7.264860710854947,0.04415109252716973,2.223982223156441,0.9448043669741782
33,frozenset({'LUNCH BAG ALPHABET DESIGN'}),frozenset({'LUNCH BAG  BLACK SKULL.'}),0.08657202699557831,0.10542238771235746,0.050500349080754015,0.5833333333333334,5.533296541574687,0.041373719285781485,2.146986269490342,0.8969244767970883
34,frozenset({'LUNCH BAG  BLACK SKULL.'}),frozenset({'LUNCH BAG CARS BLUE'}),0.10542238771235746,0.11054223877123574,0.06027461019315802,0.5717439293598234,5.172176135703498,0.04862098343882481,2.0769297208073723,0.9017191712300974
35,frozenset({'LUNCH BAG CARS BLUE'}),frozenset({'LUNCH BAG  BLACK SKULL.'}),0.11054223877123574,0.10542238771235746,0.06027461019315802,0.5452631578947369,5.172176135703498,0.04862098343882481,1.9672424344288437,0.9069096007871517
36,frozenset({'LUNCH BAG  BLACK SKULL.'}),frozenset({'LUNCH BAG PINK POLKADOT'}),0.10542238771235746,0.10193158017221317,0.0639981382359786,0.6070640176600443,5.955602931244773,0.05325226767093029,2.2855336751797055,0.9301494655188723
37,frozenset({'LUNCH BAG PINK POLKADOT'}),frozenset({'LUNCH BAG  BLACK SKULL.'}),0.10193158017221317,0.10542238771235746,0.0639981382359786,0.6278538812785389,5.955602931244772,0.05325226767093029,2.403834320134893,0.9265339583971354
38,frozenset({'LUNCH BAG  BLACK SKULL.'}),frozenset({'LUNCH BAG RED RETROSPOT'}),0.10542238771235746,0.12241098440772633,0.06888526879218058,0.6534216335540838,5.3379330026271825,0.055980410533697914,2.5321517456261136,0.9084304778243383
39,frozenset({'LUNCH BAG RED RETROSPOT'}),frozenset({'LUNCH BAG  BLACK SKULL.'}),0.12241098440772633,0.10542238771235746,0.06888526879218058,0.5627376425855513,5.3379330026271825,0.055980410533697914,2.045860104623043,0.9260161115769707
40,frozenset({'LUNCH BAG SPACEBOY DESIGN'}),frozenset({'LUNCH BAG  BLACK SKULL.'}),0.1128694437979986,0.10542238771235746,0.060972771701186874,0.5402061855670104,5.124207460003187,0.04907380543623613,1.9456060177556354,0.9072485041211762
41,frozenset({'LUNCH BAG  BLACK SKULL.'}),frozenset({'LUNCH BAG SPACEBOY DESIGN'}),0.10542238771235746,0.1128694437979986,0.060972771701186874,0.5783664459161147,5.124207460003186,0.04907380543623613,2.1040321568560554,0.899695967146182
42,frozenset({'LUNCH BAG  BLACK SKULL.'}),frozenset({'LUNCH BAG SUKI DESIGN'}),0.10542238771235746,0.09192459855713288,0.05841284617174773,0.5540838852097131,6.027591024673765,0.04872193550235485,2.036426519077321,0.9323911430241573
43,frozenset({'LUNCH BAG SUKI DESIGN'}),frozenset({'LUNCH BAG  BLACK SKULL.'}),0.09192459855713288,0.10542238771235746,0.05841284617174773,0.6354430379746836,6.0275910246737645,0.04872193550235485,2.453876089261242,0.9185319204984266
44,frozenset({'LUNCH BAG WOODLAND'}),frozenset({'LUNCH BAG  BLACK SKULL.'}),0.08540842448219688,0.10542238771235746,0.050267628578077726,0.5885558583106267,5.582835591966364,0.04126366853841396,2.1742383027123497,0.8975367543115634
45,frozenset({'LUNCH BAG ALPHABET DESIGN'}),frozenset({'LUNCH BAG APPLE DESIGN'}),0.08657202699557831,0.09122643704910402,0.05119851058878287,0.5913978494623656,6.482746324336187,0.04330085301785741,2.2241037198535087,0.925901563404748
46,frozenset({'LUNCH BAG APPLE DESIGN'}),frozenset({'LUNCH BAG ALPHABET DESIGN'}),0.09122643704910402,0.08657202699557831,0.05119851058878287,0.5612244897959184,6.482746324336187,0.04330085301785741,2.0817660780100775,0.9306436968920963
47,frozenset({'LUNCH BAG ALPHABET DESIGN'}),frozenset({'LUNCH BAG CARS BLUE'}),0.08657202699557831,0.11054223877123574,0.05282755410751687,0.6102150537634409,5.520198075834749,0.04325768842846178,2.281919221911037,0.8964550071550829
48,frozenset({'LUNCH BAG ALPHABET DESIGN'}),frozenset({'LUNCH BAG RED RETROSPOT'}),0.08657202699557831,0.12241098440772633,0.0523621131021643,0.6048387096774194,4.941049307003557,0.0417647460554633,2.220837508845754,0.8732093418259024
49,frozenset({'LUNCH BAG ALPHABET DESIGN'}),frozenset({'LUNCH BAG SPACEBOY DESIGN'}),0.08657202699557831,0.1128694437979986,0.05212939259948802,0.6021505376344086,5.334929608690833,0.04235805606403177,2.22981464126449,0.889567788898999
50,frozenset({'LUNCH BAG APPLE DESIGN'}),frozenset({'LUNCH BAG CARS BLUE'}),0.09122643704910402,0.11054223877123574,0.053758436118222015,0.5892857142857143,5.330864661654136,0.04367406153169085,2.1656362882091655,0.8939665541458116
51,frozenset({'LUNCH BAG APPLE DESIGN'}),frozenset({'LUNCH BAG RED RETROSPOT'}),0.09122643704910402,0.12241098440772633,0.05794740516639516,0.6352040816326532,5.189110149763328,0.04678028720320486,2.4056985602249745,0.888327702615841
52,frozenset({'LUNCH BAG APPLE DESIGN'}),frozenset({'LUNCH BAG SPACEBOY DESIGN'}),0.09122643704910402,0.1128694437979986,0.05143123109145916,0.5637755102040817,4.994934778034926,0.04113455388205366,2.0336560118782723,0.880084124657447
53,frozenset({'LUNCH BAG CARS BLUE'}),frozenset({'LUNCH BAG PINK POLKADOT'}),0.11054223877123574,0.10193158017221317,0.06539446125203631,0.5915789473684211,5.803686613794762,0.054126716178310164,2.1988788629804064,0.9305621509485261
54,frozenset({'LUNCH BAG PINK POLKADOT'}),frozenset({'LUNCH BAG CARS BLUE'}),0.10193158017221317,0.11054223877123574,0.06539446125203631,0.6415525114155252,5.803686613794762,0.054126716178310164,2.481417193746489,0.9216399432301806
55,frozenset({'LUNCH BAG CARS BLUE'}),frozenset({'LUNCH BAG RED RETROSPOT'}),0.11054223877123574,0.12241098440772633,0.07097975331626716,0.6421052631578947,5.245487292375425,0.05744816904964626,2.4520869553313527,0.9099475855916137
56,frozenset({'LUNCH BAG RED RETROSPOT'}),frozenset({'LUNCH BAG CARS BLUE'}),0.12241098440772633,0.11054223877123574,0.07097975331626716,0.579847908745247,5.245487292375424,0.05744816904964626,2.116989965639502,0.9222539570753507
57,frozenset({'LUNCH BAG SPACEBOY DESIGN'}),frozenset({'LUNCH BAG CARS BLUE'}),0.1128694437979986,0.11054223877123574,0.06492902024668373,0.575257731958763,5.2039631036353775,0.0524521792403888,2.0941117193978194,0.9106199250057356
58,frozenset({'LUNCH BAG CARS BLUE'}),frozenset({'LUNCH BAG SPACEBOY DESIGN'}),0.11054223877123574,0.1128694437979986,0.06492902024668373,0.5873684210526317,5.203963103635378,0.0524521792403888,2.149933745897708,0.9082373506336641
59,frozenset({'LUNCH BAG SUKI DESIGN'}),frozenset({'LUNCH BAG CARS BLUE'}),0.09192459855713288,0.11054223877123574,0.06236909471724459,0.6784810126582279,6.137753497668222,0.05220754379459201,2.766423745554031,0.9218110498251949
60,frozenset({'LUNCH BAG CARS BLUE'}),frozenset({'LUNCH BAG SUKI DESIGN'}),0.11054223877123574,0.09192459855713288,0.06236909471724459,0.5642105263157895,6.137753497668222,0.05220754379459201,2.083747901861652,0.9411058912658059
61,frozenset({'LUNCH BAG WOODLAND'}),frozenset({'LUNCH BAG CARS BLUE'}),0.08540842448219688,0.11054223877123574,0.053991156620898303,0.6321525885558584,5.718651943209523,0.04454991816871224,2.4180073953404193,0.9021880758094236
62,frozenset({'LUNCH BAG DOLLY GIRL DESIGN'}),frozenset({'LUNCH BAG SPACEBOY DESIGN'}),0.07121247381894345,0.1128694437979986,0.053292995112869446,0.7483660130718954,6.630368573546257,0.045255282801445765,3.5254798726988628,0.914287496211454
63,frozenset({'LUNCH BAG RED RETROSPOT'}),frozenset({'LUNCH BAG PINK POLKADOT'}),0.12241098440772633,0.10193158017221317,0.06725622527344659,0.5494296577946768,5.390180912200289,0.0547786802023309,1.9931813874658897,0.9280853059085958
64,frozenset({'LUNCH BAG PINK POLKADOT'}),frozenset({'LUNCH BAG RED RETROSPOT'}),0.10193158017221317,0.12241098440772633,0.06725622527344659,0.6598173515981736,5.390180912200289,0.0547786802023309,2.579758314291382,0.9069214015499649
65,frozenset({'LUNCH BAG SPACEBOY DESIGN'}),frozenset({'LUNCH BAG PINK POLKADOT'}),0.1128694437979986,0.10193158017221317,0.05841284617174773,0.5175257731958763,5.077187779503837,0.04690788541225893,1.8613811265661395,0.905211264072775
66,frozenset({'LUNCH BAG PINK POLKADOT'}),frozenset({'LUNCH BAG SPACEBOY DESIGN'}),0.10193158017221317,0.1128694437979986,0.05841284617174773,0.5730593607305936,5.077187779503837,0.04690788541225893,2.0778779872538857,0.8941864054535938
67,frozenset({'LUNCH BAG SUKI DESIGN'}),frozenset({'LUNCH BAG PINK POLKADOT'}),0.09192459855713288,0.10193158017221317,0.05352571561554573,0.5822784810126582,5.712444367377608,0.04415569602792083,2.1499213686786414,0.9084527444120073
68,frozenset({'LUNCH BAG PINK POLKADOT'}),frozenset({'LUNCH BAG SUKI DESIGN'}),0.10193158017221317,0.09192459855713288,0.05352571561554573,0.5251141552511416,5.712444367377609,0.04415569602792083,1.9121972395768068,0.9185754363036155
69,frozenset({'LUNCH BAG SPACEBOY DESIGN'}),frozenset({'LUNCH BAG RED RETROSPOT'}),0.1128694437979986,0.12241098440772633,0.06935070979753316,0.6144329896907217,5.019426913880287,0.055534250072667615,2.276099853274079,0.9026563941491722
70,frozenset({'LUNCH BAG RED RETROSPOT'}),frozenset({'LUNCH BAG SPACEBOY DESIGN'}),0.12241098440772633,0.1128694437979986,0.06935070979753316,0.5665399239543726,5.019426913880287,0.055534250072667615,2.0466257568519857,0.9124704785193967
71,frozenset({'LUNCH BAG SUKI DESIGN'}),frozenset({'LUNCH BAG RED RETROSPOT'}),0.09192459855713288,0.12241098440772633,0.06167093320921573,0.6708860759493671,5.48060355200462,0.05041835260855204,2.666520470453447,0.9002978636983454
72,frozenset({'LUNCH BAG RED RETROSPOT'}),frozenset({'LUNCH BAG SUKI DESIGN'}),0.12241098440772633,0.09192459855713288,0.06167093320921573,0.5038022813688213,5.480603552004621,0.05041835260855204,1.8300676672756635,0.9315731275924009
73,frozenset({'LUNCH BAG WOODLAND'}),frozenset({'LUNCH BAG RED RETROSPOT'}),0.08540842448219688,0.12241098440772633,0.057481964161042585,0.673024523160763,5.498072958216347,0.04702703484346391,2.683959739353037,0.8945174150879253
74,frozenset({'LUNCH BAG SPACEBOY DESIGN'}),frozenset({'LUNCH BAG SUKI DESIGN'}),0.1128694437979986,0.09192459855713288,0.06120549220386316,0.5422680412371135,5.899052590369308,0.05083001389336527,1.983858422071129,0.9361432179349582
75,frozenset({'LUNCH BAG SUKI DESIGN'}),frozenset({'LUNCH BAG SPACEBOY DESIGN'}),0.09192459855713288,0.1128694437979986,0.06120549220386316,0.6658227848101267,5.899052590369308,0.05083001389336527,2.6546709825741717,0.9145509858452232
76,frozenset({'LUNCH BAG SPACEBOY DESIGN'}),frozenset({'LUNCH BAG WOODLAND'}),0.1128694437979986,0.08540842448219688,0.05980916918780545,0.5298969072164949,6.204269782859069,0.05016916782083652,1.945512781254976,0.9455436651001752
77,frozenset({'LUNCH BAG WOODLAND'}),frozenset({'LUNCH BAG SPACEBOY DESIGN'}),0.08540842448219688,0.1128694437979986,0.05980916918780545,0.7002724795640327,6.204269782859069,0.05016916782083652,2.959790128419405,0.9171532955119256
78,frozenset({'PACK OF 60 PINK PAISLEY CAKE CASES'}),frozenset({'PACK OF 72 RETROSPOT CAKE CASES'}),0.09401908308121945,0.14591575517803118,0.06283453572259716,0.6683168316831684,4.580155383959449,0.04911567021365497,2.5750002605080256,0.8627850557981562
79,"frozenset({""PAPER CHAIN KIT 50'S CHRISTMAS""})",frozenset({'PAPER CHAIN KIT VINTAGE CHRISTMAS'}),0.14172678612985803,0.10868047474982546,0.0754014428671166,0.5320197044334976,4.895264817881668,0.05999850846575665,1.9046090907977415,0.9271184823652285
80,frozenset({'PAPER CHAIN KIT VINTAGE CHRISTMAS'}),"frozenset({""PAPER CHAIN KIT 50'S CHRISTMAS""})",0.10868047474982546,0.14172678612985803,0.0754014428671166,0.6937901498929336,4.895264817881668,0.05999850846575665,2.8028922438975967,0.8927448989459433
81,frozenset({'SPOTTY BUNTING'}),frozenset({'PARTY BUNTING'}),0.13195252501745403,0.1624389108680475,0.0686525482895043,0.5202821869488536,3.2029406265318396,0.04721832383938028,1.7459453585949158,0.7923378924887535
82,frozenset({'PINK REGENCY TEACUP AND SAUCER'}),frozenset({'REGENCY CAKESTAND 3 TIER'}),0.07330695834303003,0.20223411682569234,0.05934372818245288,0.8095238095238095,4.002904268727054,0.04451856020477238,4.188270886665116,0.809525216415044
83,frozenset({'ROSES REGENCY TEACUP AND SAUCER'}),frozenset({'PINK REGENCY TEACUP AND SAUCER'}),0.09704444961601118,0.07330695834303003,0.06236909471724459,0.6426858513189448,8.767051121007954,0.05525506129182138,2.593496633362124,0.981151907985844
84,frozenset({'PINK REGENCY TEACUP AND SAUCER'}),frozenset({'ROSES REGENCY TEACUP AND SAUCER'}),0.07330695834303003,0.09704444961601118,0.06236909471724459,0.8507936507936508,8.767051121007954,0.05525506129182138,6.051723369594818,0.9560194382182507
85,frozenset({'RECIPE BOX PANTRY YELLOW DESIGN'}),frozenset({'SET OF 3 CAKE TINS PANTRY DESIGN'}),0.10844775424714917,0.14707935769141262,0.060972771701186874,0.5622317596566524,3.8226422013364485,0.04502234566344001,1.9483383299794201,0.8282193675141124
86,frozenset({'RED HANGING HEART T-LIGHT HOLDER'}),frozenset({'WHITE HANGING HEART T-LIGHT HOLDER'}),0.08820107051431231,0.1964161042587852,0.07121247381894345,0.8073878627968338,4.110599107154022,0.053888363157067826,4.17203145871124,0.8299269001457994
87,frozenset({'ROSES REGENCY TEACUP AND SAUCER'}),frozenset({'REGENCY CAKESTAND 3 TIER'}),0.09704444961601118,0.20223411682569234,0.07330695834303003,0.7553956834532374,3.735253454313649,0.05368125978210061,3.2614546400361397,0.8109818360333826
88,frozenset({'SET OF 3 REGENCY CAKE TINS'}),frozenset({'REGENCY CAKESTAND 3 TIER'}),0.10821503374447289,0.20223411682569234,0.06888526879218058,0.6365591397849462,3.147634779811178,0.04700049701560462,2.1950363057754614,0.7650960263499408
89,frozenset({'SET OF 6 SPICE TINS PANTRY DESIGN'}),frozenset({'SET OF 3 CAKE TINS PANTRY DESIGN'}),0.08983011403304632,0.14707935769141262,0.0621363742145683,0.6917098445595854,4.70297025644389,0.0489242187412415,2.7666165372362572,0.8650785214467596
90,frozenset({'SET OF TEA COFFEE SUGAR TINS PANTRY'}),frozenset({'SET OF 3 CAKE TINS PANTRY DESIGN'}),0.06283453572259716,0.14707935769141262,0.050500349080754015,0.8037037037037037,5.464422175339897,0.0412586859258363,4.345067423081482,0.8717756525938394
91,frozenset({'WOODEN FRAME ANTIQUE WHITE'}),frozenset({'WOODEN PICTURE FRAME WHITE FINISH'}),0.09052827554107516,0.09471724458924831,0.06516174074936001,0.7197943444730077,7.599401224079887,0.05658715193269313,3.2307797417869946,0.9548517692645123
92,frozenset({'WOODEN PICTURE FRAME WHITE FINISH'}),frozenset({'WOODEN FRAME ANTIQUE WHITE'}),0.09471724458924831,0.09052827554107516,0.06516174074936001,0.687960687960688,7.599401224079888,0.05658715193269313,2.914606235077027,0.9592701065001836
93,frozenset({'WOODEN STAR CHRISTMAS SCANDINAVIAN'}),frozenset({'WOODEN HEART CHRISTMAS SCANDINAVIAN'}),0.07656504538049802,0.0786595299045846,0.05794740516639516,0.7568389057750761,9.621706444128703,0.051924834689642,3.789012683267397,0.9703643201839616
94,frozenset({'WOODEN HEART CHRISTMAS SCANDINAVIAN'}),frozenset({'WOODEN STAR CHRISTMAS SCANDINAVIAN'}),0.0786595299045846,0.07656504538049802,0.05794740516639516,0.7366863905325444,9.621706444128703,0.051924834689642,3.5069776928246252,0.9725702506920838
95,"frozenset({'GREEN REGENCY TEACUP AND SAUCER', 'REGENCY CAKESTAND 3 TIER'})",frozenset({'PINK REGENCY TEACUP AND SAUCER'}),0.06772166627879916,0.07330695834303003,0.05608564114498487,0.8281786941580755,11.297409043800794,0.05112117177616436,5.3933535024435635,0.9776952828019383
96,"frozenset({'GREEN REGENCY TEACUP AND SAUCER', 'PINK REGENCY TEACUP AND SAUCER'})",frozenset({'REGENCY CAKESTAND 3 TIER'}),0.06795438678147545,0.20223411682569234,0.05608564114498487,0.8253424657534246,4.0811237921087065,0.04234294574980168,4.567600742880349,0.8100134168389099
97,"frozenset({'REGENCY CAKESTAND 3 TIER', 'PINK REGENCY TEACUP AND SAUCER'})",frozenset({'GREEN REGENCY TEACUP AND SAUCER'}),0.05934372818245288,0.08866651151966488,0.05608564114498487,0.9450980392156861,10.659019093201584,0.05082383978647555,16.59928854017749,0.9633516130423088
98,frozenset({'GREEN REGENCY TEACUP AND SAUCER'}),"frozenset({'REGENCY CAKESTAND 3 TIER', 'PINK REGENCY TEACUP AND SAUCER'})",0.08866651151966488,0.05934372818245288,0.05608564114498487,0.6325459317585301,10.659019093201584,0.05082383978647555,2.5599288540177527,0.99434811540271
99,frozenset({'PINK REGENCY TEACUP AND SAUCER'}),"frozenset({'GREEN REGENCY TEACUP AND SAUCER', 'REGENCY CAKESTAND 3 TIER'})",0.07330695834303003,0.06772166627879916,0.05608564114498487,0.765079365079365,11.297409043800796,0.05112117177616436,3.9684820962456513,0.9835879715983337
100,"frozenset({'GREEN REGENCY TEACUP AND SAUCER', 'ROSES REGENCY TEACUP AND SAUCER'})",frozenset({'PINK REGENCY TEACUP AND SAUCER'}),0.07330695834303003,0.07330695834303003,0.05980916918780545,0.8158730158730159,11.129543965734442,0.05443525904629871,5.032901864171475,0.9821472892608176
101,"frozenset({'GREEN REGENCY TEACUP AND SAUCER', 'PINK REGENCY TEACUP AND SAUCER'})",frozenset({'ROSES REGENCY TEACUP AND SAUCER'}),0.06795438678147545,0.09704444961601118,0.05980916918780545,0.8801369863013699,9.069421175388456,0.053214573123603615,7.533229163203568,0.9546092675983814
102,"frozenset({'PINK REGENCY TEACUP AND SAUCER', 'ROSES REGENCY TEACUP AND SAUCER'})",frozenset({'GREEN REGENCY TEACUP AND SAUCER'}),0.06236909471724459,0.08866651151966488,0.05980916918780545,0.9589552238805971,10.81530340423865,0.05427911913258781,22.2033977193391,0.9679058344512016
103,frozenset({'GREEN REGENCY TEACUP AND SAUCER'}),"frozenset({'PINK REGENCY TEACUP AND SAUCER', 'ROSES REGENCY TEACUP AND SAUCER'})",0.08866651151966488,0.06236909471724459,0.05980916918780545,0.6745406824146982,10.81530340423865,0.05427911913258781,2.8809465718768537,0.9958357014820969
104,frozenset({'ROSES REGENCY TEACUP AND SAUCER'}),"frozenset({'GREEN REGENCY TEACUP AND SAUCER', 'PINK REGENCY TEACUP AND SAUCER'})",0.09704444961601118,0.06795438678147545,0.05980916918780545,0.6163069544364508,9.069421175388456,0.053214573123603615,2.429143879450779,0.9853634321472983
105,frozenset({'PINK REGENCY TEACUP AND SAUCER'}),"frozenset({'GREEN REGENCY TEACUP AND SAUCER', 'ROSES REGENCY TEACUP AND SAUCER'})",0.07330695834303003,0.07330695834303003,0.05980916918780545,0.8158730158730159,11.129543965734442,0.05443525904629871,5.032901864171475,0.9821472892608176
106,"frozenset({'GREEN REGENCY TEACUP AND SAUCER', 'REGENCY CAKESTAND 3 TIER'})",frozenset({'ROSES REGENCY TEACUP AND SAUCER'}),0.06772166627879916,0.09704444961601118,0.0588782871771003,0.8694158075601374,8.958944184858296,0.05230627534599505,6.914738556887909,0.9529125284405408
107,"frozenset({'GREEN REGENCY TEACUP AND SAUCER', 'ROSES REGENCY TEACUP AND SAUCER'})",frozenset({'REGENCY CAKESTAND 3 TIER'}),0.07330695834303003,0.20223411682569234,0.0588782871771003,0.8031746031746031,3.971508941129194,0.0440531191994198,4.053165374192045,0.8073941432096607
108,"frozenset({'REGENCY CAKESTAND 3 TIER', 'ROSES REGENCY TEACUP AND SAUCER'})",frozenset({'GREEN REGENCY TEACUP AND SAUCER'}),0.07330695834303003,0.08866651151966488,0.0588782871771003,0.8031746031746031,9.058376036328792,0.05237841491070644,4.630162078569443,0.9599780037838257
109,frozenset({'GREEN REGENCY TEACUP AND SAUCER'}),"frozenset({'REGENCY CAKESTAND 3 TIER', 'ROSES REGENCY TEACUP AND SAUCER'})",0.08866651151966488,0.07330695834303003,0.0588782871771003,0.6640419947506562,9.058376036328792,0.05237841491070644,2.758359756807075,0.9761574083419801
110,frozenset({'ROSES REGENCY TEACUP AND SAUCER'}),"frozenset({'GREEN REGENCY TEACUP AND SAUCER', 'REGENCY CAKESTAND 3 TIER'})",0.09704444961601118,0.06772166627879916,0.0588782871771003,0.606714628297362,8.958944184858296,0.05230627534599505,2.3704882022057356,0.9838576260136099
111,"frozenset({'LUNCH BAG  BLACK SKULL.', 'LUNCH BAG RED RETROSPOT'})",frozenset({'LUNCH BAG PINK POLKADOT'}),0.06888526879218058,0.10193158017221317,0.050267628578077726,0.7297297297297297,7.1590151795631245,0.04324604427950312,3.322853153362811,0.9239634535810493
112,"frozenset({'LUNCH BAG  BLACK SKULL.', 'LUNCH BAG PINK POLKADOT'})",frozenset({'LUNCH BAG RED RETROSPOT'}),0.0639981382359786,0.12241098440772633,0.050267628578077726,0.7854545454545454,6.416536467334946,0.04243355347634983,4.090457276065681,0.9018707295062341
113,"frozenset({'LUNCH BAG RED RETROSPOT', 'LUNCH BAG PINK POLKADOT'})",frozenset({'LUNCH BAG  BLACK SKULL.'}),0.06725622527344659,0.10542238771235746,0.050267628578077726,0.7474048442906575,7.08962166869085,0.043177316721230784,3.5415469856319,0.9208839265912618
114,"frozenset({'LUNCH BAG CARS BLUE', 'LUNCH BAG RED RETROSPOT'})",frozenset({'LUNCH BAG PINK POLKADOT'}),0.07097975331626716,0.10193158017221317,0.050965790086106584,0.718032786885246,7.044262295081968,0.04373071167034558,3.185010093575291,0.9235971943887775
115,"frozenset({'LUNCH BAG CARS BLUE', 'LUNCH BAG PINK POLKADOT'})",frozenset({'LUNCH BAG RED RETROSPOT'}),0.06539446125203631,0.12241098440772633,0.050965790086106584,0.7793594306049821,6.366744245835757,0.0429607897094319,3.977459893248852,0.9019140333642598
116,"frozenset({'LUNCH BAG RED RETROSPOT', 'LUNCH BAG PINK POLKADOT'})",frozenset({'LUNCH BAG CARS BLUE'}),0.06725622527344659,0.11054223877123574,0.050965790086106584,0.7577854671280276,6.855166636313968,0.043531136373077234,3.672189899930183,0.9157119550852633
117,frozenset({'LUNCH BAG PINK POLKADOT'}),"frozenset({'LUNCH BAG CARS BLUE', 'LUNCH BAG RED RETROSPOT'})",0.10193158017221317,0.07097975331626716,0.050965790086106584,0.5,7.0442622950819676,0.04373071167034558,1.8580404933674657,0.9554288675822752
118,"frozenset({'LUNCH BAG SPACEBOY DESIGN', 'LUNCH BAG CARS BLUE'})",frozenset({'LUNCH BAG RED RETROSPOT'}),0.06492902024668373,0.12241098440772633,0.050500349080754015,0.7777777777777778,6.353823405154204,0.042552323795728264,3.9491505701652314,0.9011235156083338
119,"frozenset({'LUNCH BAG SPACEBOY DESIGN', 'LUNCH BAG RED RETROSPOT'})",frozenset({'LUNCH BAG CARS BLUE'}),0.06935070979753316,0.11054223877123574,0.050500349080754015,0.7281879194630873,6.587417873542918,0.04283416635936042,3.272326084520639,0.9114018135870373
120,"frozenset({'LUNCH BAG CARS BLUE', 'LUNCH BAG RED RETROSPOT'})",frozenset({'LUNCH BAG SPACEBOY DESIGN'}),0.07097975331626716,0.1128694437979986,0.050500349080754015,0.7114754098360656,6.303525435186751,0.04248890380302779,3.0747138595637553,0.9056407746368312
121,"frozenset({'REGENCY CAKESTAND 3 TIER', 'ROSES REGENCY TEACUP AND SAUCER'})",frozenset({'PINK REGENCY TEACUP AND SAUCER'}),0.07330695834303003,0.07330695834303003,0.053292995112869446,0.726984126984127,9.916986646510455,0.047919084971362706,3.394282652580762,0.970292078545595
122,"frozenset({'REGENCY CAKESTAND 3 TIER', 'PINK REGENCY TEACUP AND SAUCER'})",frozenset({'ROSES REGENCY TEACUP AND SAUCER'}),0.05934372818245288,0.09704444961601118,0.053292995112869446,0.8980392156862745,9.25389570696384,0.047534015673241135,8.855910205689124,0.9482075759114452
123,"frozenset({'PINK REGENCY TEACUP AND SAUCER', 'ROSES REGENCY TEACUP AND SAUCER'})",frozenset({'REGENCY CAKESTAND 3 TIER'}),0.06236909471724459,0.20223411682569234,0.053292995112869446,0.8544776119402985,4.225190216924583,0.04067983632550953,5.482083504890113,0.8140988748603195
124,frozenset({'ROSES REGENCY TEACUP AND SAUCER'}),"frozenset({'REGENCY CAKESTAND 3 TIER', 'PINK REGENCY TEACUP AND SAUCER'})",0.09704444961601118,0.05934372818245288,0.053292995112869446,0.5491606714628298,9.25389570696384,0.047534015673241135,2.08645566674424,0.9877976860397065
125,frozenset({'PINK REGENCY TEACUP AND SAUCER'}),"frozenset({'REGENCY CAKESTAND 3 TIER', 'ROSES REGENCY TEACUP AND SAUCER'})",0.07330695834303003,0.07330695834303003,0.053292995112869446,0.726984126984127,9.916986646510455,0.047919084971362706,3.394282652580762,0.970292078545595
126,"frozenset({'GREEN REGENCY TEACUP AND SAUCER', 'REGENCY CAKESTAND 3 TIER', 'ROSES REGENCY TEACUP AND SAUCER'})",frozenset({'PINK REGENCY TEACUP AND SAUCER'}),0.0588782871771003,0.07330695834303003,0.05119851058878287,0.8695652173913043,11.861973775017253,0.046882322443382224,7.104646652703435,0.9729846686449061
127,"frozenset({'GREEN REGENCY TEACUP AND SAUCER', 'REGENCY CAKESTAND 3 TIER', 'PINK REGENCY TEACUP AND SAUCER'})",frozenset({'ROSES REGENCY TEACUP AND SAUCER'}),0.05608564114498487,0.09704444961601118,0.05119851058878287,0.9128630705394192,9.406648954695164,0.04575571041250671,10.362489887740072,0.9467937511206742
128,"frozenset({'GREEN REGENCY TEACUP AND SAUCER', 'PINK REGENCY TEACUP AND SAUCER', 'ROSES REGENCY TEACUP AND SAUCER'})",frozenset({'REGENCY CAKESTAND 3 TIER'}),0.05980916918780545,0.20223411682569234,0.05119851058878287,0.8560311284046692,4.232871989361178,0.03910305608000863,5.541238702048568,0.8123391089108911
129,"frozenset({'REGENCY CAKESTAND 3 TIER', 'PINK REGENCY TEACUP AND SAUCER', 'ROSES REGENCY TEACUP AND SAUCER'})",frozenset({'GREEN REGENCY TEACUP AND SAUCER'}),0.053292995112869446,0.08866651151966488,0.05119851058878287,0.9606986899563319,10.834966589874956,0.046473206623690186,23.18837431799965,0.9588037454187897
130,"frozenset({'GREEN REGENCY TEACUP AND SAUCER', 'REGENCY CAKESTAND 3 TIER'})","frozenset({'PINK REGENCY TEACUP AND SAUCER', 'ROSES REGENCY TEACUP AND SAUCER'})",0.06772166627879916,0.06236909471724459,0.05119851058878287,0.7560137457044673,12.121608452582448,0.04697477157023082,3.842966104750448,0.9841510461580357
131,"frozenset({'GREEN REGENCY TEACUP AND SAUCER', 'ROSES REGENCY TEACUP AND SAUCER'})","frozenset({'REGENCY CAKESTAND 3 TIER', 'PINK REGENCY TEACUP AND SAUCER'})",0.07330695834303003,0.05934372818245288,0.05119851058878287,0.6984126984126984,11.768938686585743,0.046848202378991705,3.1190181644476556,0.9874149582210858
132,"frozenset({'GREEN REGENCY TEACUP AND SAUCER', 'PINK REGENCY TEACUP AND SAUCER'})","frozenset({'REGENCY CAKESTAND 3 TIER', 'ROSES REGENCY TEACUP AND SAUCER'})",0.06795438678147545,0.07330695834303003,0.05119851058878287,0.7534246575342466,10.277669058490975,0.0462169811877671,3.7582551133866007,0.9685166269435932
133,"frozenset({'REGENCY CAKESTAND 3 TIER', 'ROSES REGENCY TEACUP AND SAUCER'})","frozenset({'GREEN REGENCY TEACUP AND SAUCER', 'PINK REGENCY TEACUP AND SAUCER'})",0.07330695834303003,0.06795438678147545,0.05119851058878287,0.6984126984126984,10.277669058490977,0.0462169811877671,3.0904670333035282,0.9741107711976621
134,"frozenset({'REGENCY CAKESTAND 3 TIER', 'PINK REGENCY TEACUP AND SAUCER'})","frozenset({'GREEN REGENCY TEACUP AND SAUCER', 'ROSES REGENCY TEACUP AND SAUCER'})",0.05934372818245288,0.07330695834303003,0.05119851058878287,0.8627450980392156,11.768938686585743,0.046848202378991705,6.751620732072206,0.9727576357338852
135,"frozenset({'PINK REGENCY TEACUP AND SAUCER', 'ROSES REGENCY TEACUP AND SAUCER'})","frozenset({'GREEN REGENCY TEACUP AND SAUCER', 'REGENCY CAKESTAND 3 TIER'})",0.06236909471724459,0.06772166627879916,0.05119851058878287,0.8208955223880597,12.121608452582448,0.04697477157023082,5.205220696610039,0.9785329091360365
136,frozenset({'GREEN REGENCY TEACUP AND SAUCER'}),"frozenset({'REGENCY CAKESTAND 3 TIER', 'PINK REGENCY TEACUP AND SAUCER', 'ROSES REGENCY TEACUP AND SAUCER'})",0.08866651151966488,0.053292995112869446,0.05119851058878287,0.5774278215223098,10.834966589874956,0.046473206623690186,2.240343905975135,0.9960198254248304
137,frozenset({'ROSES REGENCY TEACUP AND SAUCER'}),"frozenset({'GREEN REGENCY TEACUP AND SAUCER', 'REGENCY CAKESTAND 3 TIER', 'PINK REGENCY TEACUP AND SAUCER'})",0.09704444961601118,0.05608564114498487,0.05119851058878287,0.52757793764988,9.406648954695164,0.04575571041250671,1.9980319169672147,0.9897410965323337
138,frozenset({'PINK REGENCY TEACUP AND SAUCER'}),"frozenset({'GREEN REGENCY TEACUP AND SAUCER', 'REGENCY CAKESTAND 3 TIER', 'ROSES REGENCY TEACUP AND SAUCER'})",0.07330695834303003,0.0588782871771003,0.05119851058878287,0.6984126984126984,11.861973775017253,0.046882322443382224,3.120561468833825,0.9881341034655953
